X,Y,OBJECTID,source,ext_id,cat1,cat2,cat3,org_name,Name,addrln1,addrln2,city,state,hours,phones,url,info1,info2,post_id,description,zip,link,use_type,latitude,longitude,email,date_updated,dis_status,POINT_X,POINT_Y
-118.553790756029684,34.23920053642837,151870547,211,,Community Groups,Farmers Markets,,www.cafarmersmarkets.com,Northridge Certified Farmers' Market And Family Festival,9301 Tampa Ave,Northridge Fashion Center,Northridge,CA,"SITE HOURS: April through October, Wednesday, 5:00pm to 9:00pm. ",Mark Rochin Service/Intake and Administration (805) 643-6458,www.cafarmersmarkets.com,,,60938,This federation administers farmers markets for consumers and farmers in Los Angeles County and throughout the state of California.,91324,http://egis3.lacounty.gov/lms/?p=60938,publish,34.23920057,-118.5537907,,2013-06-01T11:50:56.000Z,,6394296.08891231,1909890.99971998
-118.157349056902873,34.115745967021887,151870548,211,,Community Groups,Farmers Markets,,www.cafarmersmarkets.com,South Pasadena Certified Farmers' Market,Meridan Ave. & Mission St.,,South Pasadena,CA,"SITE HOURS: March through December, Thursday, 4:00pm to 8:00pm; January and February, Thursday, 4:00pm to 7:00pm. ",Greta Dunlap Service/Intake and Administration (626) 403-2820,www.cafarmersmarkets.com,,,60953,This federation administers farmers markets for consumers and farmers in Los Angeles County and throughout the state of California.,91030,http://egis3.lacounty.gov/lms/?p=60953,publish,34.115746,-118.157349,,2013-06-01T11:50:56.000Z,,6514043.59974489,1864539.84993689
-118.185610456500754,33.942065677457173,151870549,211,,Community Groups,Farmers Markets,,www.cafarmersmarkets.com,South Gate Certified Farmers' Market,4855 Tweedy Blvd,South Gate Park| Parking Lot 3,South Gate,CA,,"Fannie Coates Earl Service/Intake and Administration (310) 635-7938, Dale Whitney Service/Intake (562) 983-1665",www.cafarmersmarkets.com,,,60957,This federation administers farmers markets for consumers and farmers in Los Angeles County and throughout the state of California.,90280,http://egis3.lacounty.gov/lms/?p=60957,publish,33.94206571,-118.1856104,,2013-06-01T11:50:56.000Z,,6505372.67876655,1801348.81555806
-118.497698855459348,34.016990246682759,151870550,211,,Community Groups,Farmers Markets,,www.cafarmersmarkets.com,Santa Monica Saturday Certified Farmers' Market,Arizona Ave & 3Rd St Prom,,Santa Monica,CA,,Mort Bernstein Service/Intake and Administration (310) 458-8712,www.cafarmersmarkets.com,,,60962,This federation administers farmers markets for consumers and farmers in Los Angeles County and throughout the state of California.,90401,http://egis3.lacounty.gov/lms/?p=60962,publish,34.01699028,-118.4976988,,2013-06-01T11:50:56.000Z,,6410848.41145064,1828936.84929265
-118.422500256228361,34.146325526263865,151870551,211,,Community Groups,Farmers Markets,,www.cafarmersmarkets.com,Studio City Certified Farmers' Market,Ventura Blvd & Ventura Blvd, ,Studio City,CA,,Carole Gallegos Service/Intake and Administration (818) 655-7744,www.cafarmersmarkets.com,,,60974,This federation administers farmers markets for consumers and farmers in Los Angeles County and throughout the state of California.,91604,http://egis3.lacounty.gov/lms/?p=60974,publish,34.14632556,-118.4225002,,2013-06-01T11:50:56.000Z,,6433834.17420605,1875899.69893631
-118.374867055801857,33.776661967604284,151870552,211,,Community Groups,Farmers Markets,,www.cafarmersmarkets.com,Palos Verdes Certified Farmers' Market,Hawthorne Blvd. & Silver Spur Rd.,Peninsula Center,Rolling Hills Estates,CA,,"Brian Weiss &amp; Carri Jackson Service/Intake and Administration (310) 324-3994",www.cafarmersmarkets.com,,,60979,This federation administers farmers markets for consumers and farmers in Los Angeles County and throughout the state of California.,90274,http://egis3.lacounty.gov/lms/?p=60979,publish,33.776662,-118.374867,,2013-06-01T11:50:56.000Z,,6447744.80813013,1741314.72663698
-118.142882057048922,34.155069966867302,151870553,211,,Community Groups,Farmers Markets,,www.cafarmersmarkets.com,Pasadena Villa Parke Certified Farmers' Market,363 E. Villa St.,,Pasadena,CA,,Gretchen Sterling Service/Intake and Administration (626) 449-0179,www.cafarmersmarkets.com,,,60994,This federation administers farmers markets for consumers and farmers in Los Angeles County and throughout the state of California.,91101,http://egis3.lacounty.gov/lms/?p=60994,publish,34.15507,-118.142882,,2013-06-01T11:50:56.000Z,,6518442.84029022,1878844.02244398
-118.525110555364677,34.048285926646486,151874392,211,,Community Groups,Farmers Markets,,,Pacific Palisades Certified Farmers' Market,1037 N Swarthmore Ave,,Pacific Palisades,CA,"Sunday, 8:00am to 1:00pm. ",Lesley McAndrew Service/Intake and Administration (818) 591-8161,www.cafarmersmarkets.com,,,71020,This federation administers farmers markets for consumers and farmers in Los Angeles County and throughout the state of California.,90272,http://egis3.lacounty.gov/lms/?p=71020,publish,34.04828596,-118.5251105,,2010-11-01T11:50:56.000Z,,6402601.1805698,1840368.07446164
-117.750366557886622,34.064548807152178,151874393,211,,Community Groups,Farmers Markets,,,Pomona Valley Certified Farmers' Market,N Garey Ave & W Pearl St,,Pomona,CA,"Saturday, 7:30am to 11:30am. ",Harry Brown-Hiegel Service/Intake and Administration (626) 588-1112,www.cafarmersmarkets.com,,,71023,This federation administers farmers markets for consumers and farmers in Los Angeles County and throughout the state of California.,91766,http://egis3.lacounty.gov/lms/?p=71023,publish,34.06454884,-117.7503665,,2010-11-01T11:50:56.000Z,,6637276.14789872,1845964.8496854
-118.351067556255686,34.092575906371927,151874394,211,,Community Groups,Farmers Markets,,,West Hollywood Certified Farmers' Market,7377 Santa Monica Blvd,,West Hollywood,CA,"Monday, 9:00am to 2:00pm. ",Beth Smith Service/Intake and Administration (323) 848-6535,www.cafarmersmarkets.com,,,71025,This federation administers farmers markets for consumers and farmers in Los Angeles County and throughout the state of California.,90046,http://egis3.lacounty.gov/lms/?p=71025,publish,34.09257594,-118.3510675,,2010-11-01T11:50:56.000Z,,6455379.19837314,1856256.16899773
-118.192005656022573,34.109977156501444,151874395,211,,Community Groups,Farmers Markets,,,Old Los Angeles Certified Farmers' Market,S Ave 58 & N Figueroa St,,Los Angeles,CA,"Tuesday, 3:00am to 7:00pm. ",C. Nyerges Service/Intake (323) 255-5030,www.cafarmersmarkets.com,,,71028,This federation administers farmers markets for consumers and farmers in Los Angeles County and throughout the state of California.,90042,http://egis3.lacounty.gov/lms/?p=71028,publish,34.10997719,-118.1920056,,2010-11-01T11:50:56.000Z,,6503549.66863306,1862458.70514905
-118.37337245665141,34.083278316461453,151874396,211,,Community Groups,Farmers Markets,,,Melrose Place Certified Farmers' Market,8400 Melrose Pl,,Los Angeles,CA,"Sunday, 10:00am to 2:00pm. ",Chase Mosley Service/Intake (818) 591-8161,www.cafarmersmarkets.com,,,71030,This federation administers farmers markets for consumers and farmers in Los Angeles County and throughout the state of California.,90069,http://egis3.lacounty.gov/lms/?p=71030,publish,34.08327835,-118.3733724,,2010-11-01T11:50:56.000Z,,6448613.50586781,1852896.95885265
-118.437915455668076,34.157126326773991,151875023,211,,Community Groups,Farmers Markets,,,Woodman Avenue Certified Farmers' Market,14006 Riverside Dr,Westfield Sherman Oaks parking lot,Sherman Oaks,CA,"Tuesday, 3:00pm to 8:00pm. ",Phillip Dane Service/Intake (866) 966-9495,www.cafarmersmarkets.com,,,71471,This federation administers farmers markets for consumers and farmers in Los Angeles County and throughout the state of California.,91423,http://egis3.lacounty.gov/lms/?p=71471,publish,34.15712636,-118.4379154,,2010-11-01T11:50:56.000Z,,6429187.14052114,1879850.2323738
-118.449390155431075,34.05700948652472,151875024,211,,Community Groups,Farmers Markets,,,Westwood Certified Farmers' Market,11000 Wilshire Blvd,United States Veterans Administration - Vets Garden,Los Angeles,CA,"Thursday, 12:00pm to 6:00pm. ",Jen or Mark Wall Service/Intake (310) 861-8188,www.cafarmersmarkets.com,,,71495,This federation administers farmers markets for consumers and farmers in Los Angeles County and throughout the state of California.,90024,http://egis3.lacounty.gov/lms/?p=71495,publish,34.05700952,-118.4493901,,2010-11-01T11:50:56.000Z,,6425552.81740922,1843431.52798039
-118.262963856032357,33.786706987706488,151875025,211,,Community Groups,Farmers Markets,,,Wilmington Certified Farmers' Market,N Avalon Blvd & E L St,,Wilmington,CA,"Thursday, 9:00am to 1:00pm. ",Lee Ostendorf Service/Intake (562) 449-9299,www.cafarmersmarkets.com,,,71496,This federation administers farmers markets for consumers and farmers in Los Angeles County and throughout the state of California.,90744,http://egis3.lacounty.gov/lms/?p=71496,publish,33.78670702,-118.2629638,,2010-11-01T11:50:56.000Z,,6481762.68825696,1744862.48168056
-118.278032055818429,34.090442446664028,151875038,211,,Community Groups,Farmers Markets,,,Silverlake Certified Farmers' Market,3700 W Sunset Blvd,,Los Angeles,CA,"Saturday, 8:00am to 1:00pm. ",Edwin Gomez Service/Intake (323) 661-7771,www.cafarmersmarkets.com,,,71523,This federation administers farmers markets for consumers and farmers in Los Angeles County and throughout the state of California.,90026,http://egis3.lacounty.gov/lms/?p=71523,publish,34.09044248,-118.278032,,2010-11-01T11:50:56.000Z,,6477489.6174068,1855410.56931098
-118.599018055766962,34.197693966216413,151875039,211,,Community Groups,Farmers Markets,,,Topanga Westfield Certified Farmers' Market,6600 Topanga Blvd.,,Canoga Park,CA,"Saturday, 10:00am to 2:00pm. ",Tracy Pieper Service/Intake (818) 344-6206,www.cafarmersmarkets.com,,,71525,This federation administers farmers markets for consumers and farmers in Los Angeles County and throughout the state of California.,91303,http://egis3.lacounty.gov/lms/?p=71525,publish,34.197694,-118.599018,,2010-11-01T11:50:56.000Z,,6380537.01341213,1894864.66100632
-118.254088556124003,33.943279147220217,151875040,211,,Community Groups,Farmers Markets,,,Watts Healthy Certified Farmers' Market,E 103Rd St & S Central Ave,,Los Angeles,CA,"Saturday, 10:00am to 2:00pm. ",Pompea Smith Service/Intake (323) 463-3171,www.cafarmersmarkets.com,,,71527,This federation administers farmers markets for consumers and farmers in Los Angeles County and throughout the state of California.,90002,http://egis3.lacounty.gov/lms/?p=71527,publish,33.94327918,-118.2540885,,2010-11-01T11:50:56.000Z,,6484603.68126264,1801835.84968898
-117.928607357512647,34.068409187115151,151875041,211,,Community Groups,Farmers Markets,,,West Covina Certified Farmers' Market,1035 W Covina Pkwy,,West Covina,CA,"Saturday, 8:00am to 1:00pm. ",Roger Evans Service/Intake (626) 338-8496,www.cafarmersmarkets.com,,,71528,This federation administers farmers markets for consumers and farmers in Los Angeles County and throughout the state of California.,91790,http://egis3.lacounty.gov/lms/?p=71528,publish,34.06840922,-117.9286073,,2010-11-01T11:50:56.000Z,,6583291.86380714,1847283.50813732
-117.962334156639955,34.039635577272101,151876294,211,,Community Groups,Farmers Markets,,,Valinda / La Puente Certified Farmers' Market,747 N. Rimgrove Drive,Rimgrove Park,La Puente,CA,"Thursdays, April-September 10:00am to 3:00pm. ",Lilia Rivas Service/Intake (323) 263-4462,www.cafarmersmarkets.com,,,71493,This federation administers farmers markets for consumers and farmers in Los Angeles County and throughout the state of California.,91744,http://egis3.lacounty.gov/lms/?p=71493,publish,34.03963561,-117.9623341,,2014-05-08T14:07:02.000Z,,6573081.50660323,1836806.69182065
-118.277059156455039,34.08987034700349,151876295,211,,Community Groups,Farmers Markets,,www.cafarmersmarkets.com,Silverlake Tuesday Certified Farmers' Market,1500 Griffith Park Blvd,,Los Angeles,CA,"Tuesdays, April through December 2:00 pm to 7:30 pm",Edwin Gomez Service/Intake and Administration (213) 413-7770,www.cafarmersmarkets.com,,,60964,This federation administers farmers markets for consumers and farmers in Los Angeles County and throughout the state of California.,90026,http://egis3.lacounty.gov/lms/?p=60964,publish,34.08987038,-118.2770591,,2014-05-08T14:18:33.000Z,,6477783.61091331,1855201.55890223
-117.802724257651505,34.106664697391523,151876296,211,,Community Groups,Farmers Markets,,www.cafarmersmarkets.com,San Dimas Certified Farmers' Market,245 E Bonita Ave & N Walnut Ave,,San Dimas,CA,"Wednesdays, April through September, 5:00pm to 9:00pm. ",Maurice Cuellar Service/Intake and Administration (909) 581-4744,www.cafarmersmarkets.com,,,61004,This federation administers farmers markets for consumers and farmers in Los Angeles County and throughout the state of California.,91773,http://egis3.lacounty.gov/lms/?p=61004,publish,34.10666473,-117.8027242,,2014-05-08T14:21:14.000Z,,6621388.65539555,1861256.33714698
-118.057863456447365,34.107690277023806,151876297,211,,Community Groups,Farmers Markets,,,Temple City Certified Farmers' Market,9701 Las  Tunas Dr,City Hall parking lot,Temple City,CA,"Sundays, yeaar-round, 8:30am to 12:30pm. ",Gretchen Sterling Service/Intake (626) 422-1419,www.cafarmersmarkets.com,,,71466,This federation administers farmers markets for consumers and farmers in Los Angeles County and throughout the state of California.,91780,http://egis3.lacounty.gov/lms/?p=71466,publish,34.10769031,-118.0578634,,2014-05-12T13:19:36.000Z,,6544154.41780397,1861576.00022157
-118.092909056914124,34.160397967066956,151876298,211,,Community Groups,Farmers Markets,,www.cafarmersmarkets.com,Pasadena Victory Park Certified Farmers' Market,2900 N. Sierra Madre Blvd between Paloma and Washington Avenues,Victory Park,Pasadena,CA,,Gretchen Sterling Service/Intake and Administration (626) 449-0179,www.cafarmersmarkets.com,,,60969,This federation administers farmers markets for consumers and farmers in Los Angeles County and throughout the state of California.,91101,http://egis3.lacounty.gov/lms/?p=60969,publish,34.160398,-118.092909,,2014-05-12T13:35:21.000Z,,6533563.44653189,1880765.24596372
-118.446226355436352,34.061675117098886,151876299,211,,Community Groups,Farmers Markets,,www.cafarmersmarkets.com,Westwood Village Certified Farmers' Market,1050 Broxton Ave,Between Weyburn & Kinross Ave,Westwood,CA,"Sundays, year-round 10:00am to 3:00pm",Stephen Whipple Service/Intake and Administration (323) 282-0258,www.cafarmersmarkets.com,,,60983,This federation administers farmers markets for consumers and farmers in Los Angeles County and throughout the state of California.,90024,http://egis3.lacounty.gov/lms/?p=60983,publish,34.06167515,-118.4462263,,2014-05-12T13:47:12.000Z,,6426518.64421771,1845125.15517056
-118.353782256350428,34.152223287038225,151876300,211,,Community Groups,Farmers Markets,,,Toluca Lake Certified Farmers' Market,Sancola Ave & Riverside Dr,,Toluca Lake,CA," Sundays, year-round. 9:00am to 2:00pm",Tanja Castle Service/Intake (310) 633-3966,www.cafarmersmarkets.com,,,71033,This federation administers farmers markets for consumers and farmers in Los Angeles County and throughout the state of California.,91610,http://egis3.lacounty.gov/lms/?p=71033,publish,34.15222332,-118.3537822,,2014-05-12T13:49:14.000Z,,6454633.68280381,1877965.70202215
-118.133870756455323,33.883675737157226,151876301,211,,Community Groups,Farmers Markets,,www.cafarmersmarkets.com,Bellflower Certified Farmers' Market,16614 Clark Ave at Oak Street, ,Bellflower,CA,"Mondays, year-round 9:00am - 1:00pm",Angela Higuera Service/Intake and Administration (562) 866-8142,www.cafarmersmarkets.com,,,60956,This federation administers farmers markets for consumers and farmers in Los Angeles County and throughout the state of California.,90706,http://egis3.lacounty.gov/lms/?p=60956,publish,33.88367577,-118.1338707,,2014-05-12T14:02:51.000Z,,6521037.58181989,1780074.45521973
-118.416017855521659,33.956528416754985,151876302,211,,Community Groups,Farmers Markets,,www.cafarmersmarkets.com,Westchester Park Certified Farmers' Market,Lincoln Blvd & La Tijera Blvd,,Los Angeles,CA,"Wednesdays, year-round 8:30am to 1:00pm. ",Diana Rodgers Service/Intake and Administration (310) 582-5850,www.cafarmersmarkets.com,,,60999,This federation administers farmers markets for consumers and farmers in Los Angeles County and throughout the state of California.,90045,http://egis3.lacounty.gov/lms/?p=60999,publish,33.95652845,-118.4160178,,2014-05-12T14:04:06.000Z,,6435509.6816818,1806821.21635865
-118.334896256268522,34.039642596868035,151876303,211,,Community Groups,Farmers Markets,,,Wellington Square Certified Farmer's Market,4394 W Washington Blvd,,Los Angeles,CA,"Sundays, year-round, 9:00am to 1:00pm. ",Lora Davis Service/Intake (323) 732-4464,www.cafarmersmarkets.com,,,71467,This federation administers farmers markets for consumers and farmers in Los Angeles County and throughout the state of California.,90016,http://egis3.lacounty.gov/lms/?p=71467,publish,34.03964263,-118.3348962,,2014-05-12T14:12:06.000Z,,6460211.11193764,1836976.12061565
-118.388196555616346,33.837509287338044,151876304,211,,Community Groups,Farmers Markets,,,Redondo Beach Certified Farmers' Market,"Torrance Boulevard, West of Veteran's Park",,Redondo Beach,CA,"Thursdays, year-round, Closed Thanksgiving, 8:00am to 1:00pm",Nancy Jones Service/Intake and Administration (310) 372-1171 Ext.2252,www.cafarmersmarkets.com,,,71022,This federation administers farmers markets for consumers and farmers in Los Angeles County and throughout the state of California.,90277,http://egis3.lacounty.gov/lms/?p=71022,publish,33.83750932,-118.3881965,,2014-05-12T15:49:39.000Z,,6443779.38922372,1763473.92378831
-118.000916056641699,34.144818447370135,151876305,211,,Community Groups,Farmers Markets,,,Monrovia Certified Farmers' Market - Friday,200 Block of Myrtle Ave,Adjacent to Library Park,Monrovia,CA,"Fridays, year-round, 5:00pm to 9:00pm. ",Dave Gayman Service/Intake (866) 440-3374,www.cafarmersmarkets.com,,,71514,This federation administers farmers markets for consumers and farmers in Los Angeles County and throughout the state of California.,91016,http://egis3.lacounty.gov/lms/?p=71514,publish,34.14481848,-118.000916,,2014-05-13T12:41:32.000Z,,6561393.16646288,1875082.58738156
-118.285693556260497,33.738765177325973,151876306,211,,Community Groups,Farmers Markets,,,San Pedro Certified Farmers' Market,W 6Th St & S Mesa St,"Old Town San Pedro, betweeb Mesa and Pacific",San Pedro,CA,"Fridays, year-round, 9:00am to 2:00pm. ",Lee Ostendorf Service/Intake and Administration (562) 449-9299,www.cafarmersmarkets.com,,,71024,This federation administers farmers markets for consumers and farmers in Los Angeles County and throughout the state of California.,90731,http://egis3.lacounty.gov/lms/?p=71024,publish,33.73876521,-118.2856935,,2014-05-13T12:47:20.000Z,,6474806.17100206,1727433.9804484
-118.325773056289293,33.826917266933748,151876307,211,,Community Groups,Farmers Markets,,,Torrance Saturday Certified Farmers' Market,2200 Crenshaw Blvd,Wilson Park,Torrance,CA,"Tuesdays and Saturdays, year-round, 8:00am to 1:00pm. ",Mary Lou Weiss Service/Intake (310) 781-7520,www.cafarmersmarkets.com,,,71526,This federation administers farmers markets for consumers and farmers in Los Angeles County and throughout the state of California.,90503,http://egis3.lacounty.gov/lms/?p=71526,publish,33.8269173,-118.325773,,2014-05-13T12:51:49.000Z,,6462724.14365697,1759551.90702607
-118.465614956338328,34.021544726405295,151876308,211,,Community Groups,Farmers Markets,,www.cafarmersmarkets.com,Santa Monica Pico Certified Farmers' Market,Cloverfield Blvd & Pico Blvd,,Santa Monica,CA,"Saturdays, year-round, 8:00am to 1:00pm",Ted Galvan Service/Intake and Administration (310) 458-8712,www.cafarmersmarkets.com,,,60963,This federation administers farmers markets for consumers and farmers in Los Angeles County and throughout the state of California.,90401,http://egis3.lacounty.gov/lms/?p=60963,publish,34.02154476,-118.4656149,,2014-05-13T13:17:38.000Z,,6420578.67512655,1830547.70958798
-118.450452356355214,34.045745487133289,151876309,211,,Community Groups,Farmers Markets,,www.cafarmersmarkets.com,West Los Angeles Certified Farmers' Market,1645 Corinth Avenue at Santa Monica Blvd,West of the 405 Freeway,Los Angeles,CA,"Sundays, year-round, 9:00am to 2:00pm. ",Lee Ostendorf Service/Intake (562) 449-9299,www.cafarmersmarkets.com,,,61003,This federation administers farmers markets for consumers and farmers in Los Angeles County and throughout the state of California.,90025,http://egis3.lacounty.gov/lms/?p=61003,publish,34.04574552,-118.4504523,,2014-05-13T13:21:25.000Z,,6425212.71572722,1839333.82062465
-118.036156056419046,33.979112216992306,151876311,211,,Community Groups,Farmers Markets,,,Uptown Whittier Certified Farmers' Market,Bright Ave & Philadelphia St,,Whittier,CA,"Fridays, year-round, 8:00am to 1:00pm. ",Kae Thomas Service/Intake and Administration (562) 696-2662,www.cafarmersmarkets.com,,,71026,This federation administers farmers markets for consumers and farmers in Los Angeles County and throughout the state of California.,90602,http://egis3.lacounty.gov/lms/?p=71026,publish,33.97911225,-118.036156,,2014-05-13T13:26:44.000Z,,6550708.6658503,1814780.84381206
-118.465993355450593,33.98756571654588,151876312,211,,Community Groups,Farmers Markets,,www.cafarmersmarkets.com,Venice Certified Farmers' Market,N Venice Blvd & Venice Way,,Venice,CA,"Fridays, year-round, 7:00am to 11:00am. ",James Murez Service/Intake and Administration (310) 399-6690,www.cafarmersmarkets.com,,,60949,This federation administers farmers markets for consumers and farmers in Los Angeles County and throughout the state of California.,90291,http://egis3.lacounty.gov/lms/?p=60949,publish,33.98756575,-118.4659933,,2014-05-13T13:31:44.000Z,,6420406.68662539,1818182.71856998
-118.252920156690934,34.053258927169274,151876313,211,,Community Groups,Farmers Markets,,,Bank Of America Plaza Certified Farmers' Market,333 S Hope St,,Los Angeles,CA,"Fridays, year-round, 11:00am to 3:00pm. ",Fernando Oxa Service/Intake (818) 591-8161,www.cafarmersmarkets.com,,,71500,This federation administers farmers markets for consumers and farmers in Los Angeles County and throughout the state of California.,90021,http://egis3.lacounty.gov/lms/?p=71500,publish,34.05325896,-118.2529201,,2014-05-13T14:00:27.000Z,,6485058.76926322,1841858.73749082
-118.638570055579166,34.15745696677277,151876314,211,,Community Groups,Farmers Markets,,www.cafarmersmarkets.com,Old Town Calabasas Certified Farmers' Market,23504 Calabasas Rd.,at El Canon Ave,Calabasas,CA,"Saturdays, year-round, 8:00am to 1:00pm",Melissa Farwell Service/Intake and Administration (818) 591-8161,www.cafarmersmarkets.com,,,60965,This federation administers farmers markets for consumers and farmers in Los Angeles County and throughout the state of California.,91302,http://egis3.lacounty.gov/lms/?p=60965,publish,34.157457,-118.63857,,2014-05-13T14:02:59.000Z,,6368484.26356755,1880295.60877964
-118.43046265553555,34.004249216979204,151876315,211,,Community Groups,Farmers Markets,,,Mar Vista Certified Farmers' Market,3826 Grand View Blvd,between Venice Blvd and Pacific Ave,Los Angeles,CA,"Sundays, year-round, 8:30am to 2:00pm. ",Diana Rodgers Service/Intake (310) 861-4444,www.cafarmersmarkets.com,,,71463,This federation administers farmers markets for consumers and farmers in Los Angeles County and throughout the state of California.,90066,http://egis3.lacounty.gov/lms/?p=71463,publish,34.00424925,-118.4304626,,2014-05-13T15:04:20.000Z,,6431203.58071397,1824206.10284865
-118.253076158910844,34.048339392118478,151877899,211,,Community Groups,Farmers Markets,,,Pershing Square Certified Farmers' Market,532 S Olive St,,Los Angeles,CA,"Wednesdays and Thursdays, year-round, 11:30am to 2:00pm. ",Linda Gallardo Service/Intake (818) 591-8161,www.cafarmersmarkets.com,,,71481,This federation administers farmers markets for consumers and farmers in Los Angeles County and throughout the state of California.,90021,http://egis3.lacounty.gov/lms/?p=71481,publish,34.04833942,-118.2530761,,2014-10-15T10:07:28.000Z,,6485007.00755572,1840068.54750164
-118.226940092727503,34.205395309658897,151877921,211,,Community Groups,Farmers Markets,,Montrose Shopping Park Association,Montrose Harvest Market,2200 Block of Honolulu Ave ,,Glendale,CA,"Sundays,  9:00 AM until 2:00 PM","(805) 637-6635
",http://www.shopmontrose.com/harvest-market.html ,,,61797,"Farmer's Market in Montrose,  California (2200 block of Honolulu Avenue).",91020,http://egis3.lacounty.gov/lms/?p=61797,publish,34.20539534,-118.22694004,,2015-03-26T13:27:43.000Z,,6493053.32512447,1897205.06150922
-118.325773056207183,33.826916967630879,151877922,211,,Community Groups,Farmers Markets,,www.cafarmersmarkets.com,Torrance Tuesday Certified Farmers' Market,2200 Crenshaw Blvd.,Charles H. Wilson Park,Torrance,CA,"Tuesdays year-round 8:00 a.m. to 1:00 p.m.
Saturday Year Round 8:00 a.m. to 1:00 p.m.",Joyce Chan 310-328-1746,www.cafarmersmarkets.com,,,60990,This federation administers farmers markets for consumers and farmers in Los Angeles County and throughout the state of California.,90503,http://egis3.lacounty.gov/lms/?p=60990,publish,33.826917,-118.325773,,2015-03-26T13:36:09.000Z,,6462724.14332889,1759551.79810239
-118.317795456307437,33.916454697296452,151877923,211,,Community Groups,Farmers Markets,,www.cafarmersmarkets.com,Gardena Hollypark Certified Farmers' Market,13000 S. Van Ness Ave,,Gardena,CA,"Saturday, 08:00 am to  01:00pm. ",Ida  Edwards Service/Intake (323) 777-1755,www.cafarmersmarkets.com,,,61000,This federation administers farmers markets for consumers and farmers in Los Angeles County and throughout the state of California.,90249,http://egis3.lacounty.gov/lms/?p=61000,publish,33.91645473,-118.3177954,,2015-03-27T06:51:15.000Z,,6465250.17010097,1792128.84646523
-118.482858856096271,34.001223786983971,151877924,211,,Community Groups,Farmers Markets,,City Of Santa Monicawww.cafarmersmarkets.com,Santa Monica Main St. Certified Farmers' Market,2640 Main St,,Santa Monica,CA,Sunday 9:30 am to 1:00 pm,Jodi Low Service/Intake and Administration (310) 458-8712,www.cafarmersmarkets.com,,,60982,This federation administers farmers markets for consumers and farmers in Los Angeles County and throughout the state of California.,90405,http://egis3.lacounty.gov/lms/?p=60982,publish,34.00122382,-118.4828588,,2015-03-27T07:10:52.000Z,,6415317.90579247,1823177.24598248
-118.498625755881989,34.016239647031711,151877925,211,,Community Groups,Farmers Markets,,www.cafarmersmarkets.com,Santa Monica Downtown Certified Farmers' Market,Arizona Ave between 2nd St and 3rd St,,Santa Monica,CA," Wednesdays, 8:30am to 1:30pm and Saturdays (Organic) 8:30am - 1:00pm ",Laura Avery Service/Intake and Administration (310) 458-8712,www.cafarmersmarkets.com,,,61001,This federation administers farmers markets for consumers and farmers in Los Angeles County and throughout the state of California.,90401,http://egis3.lacounty.gov/lms/?p=61001,publish,34.01623968,-118.4986257,,2015-03-27T07:16:35.000Z,,6410566.17218572,1828665.08638473
-118.294769356676838,34.101717306447114,151877926,211,,Community Groups,Farmers Markets,,SEE LA,Bransdall Center Farmers' Market,4888 Hollywood Blvd,,Los Angeles,CA,"Monday, year round, 11:00 am - 5:00 pm", (323) 463-3171,http://www.farmernet.com/,,,60142,The organization provides farmers' markets and nutrition education services in specified areas of Los Angeles.,90027,http://egis3.lacounty.gov/lms/?p=60142,publish,34.10171734,-118.2947693,,2015-03-27T10:00:45.000Z,,6472434.05337097,1859528.1237399
-118.260220756264175,34.118195486352491,151877927,211,,Community Groups,Farmers Markets,,SEE LA,Atwater Village Certified Farmers' Market,3250 Glendale Blvd,,Los Angeles,CA,"Sunday, 10:00am to 2:00pm. ",Gena (323) 463-3171,www.cafarmersmarkets.com,,,71460,This federation administers farmers markets for consumers and farmers in Los Angeles County and throughout the state of California.,90039,http://egis3.lacounty.gov/lms/?p=71460,publish,34.11819552,-118.2602207,,2015-03-27T13:50:52.000Z,,6482908.53996788,1865495.94677798
-118.603814055610769,34.089121966536936,151877928,211,,Community Groups,Farmers Markets,,,Topanga Canyon Certified Farmers' Market,Pine Tree Circle Parking Lot and Topanga Post Office,,Topanga,CA,"Friday, year round, 9:00am to 1:00pm. ",Howell Tumlin 310-455-0181,www.cafarmersmarkets.com,,,71515,This federation administers farmers markets for consumers and farmers in Los Angeles County and throughout the state of California.,90290,http://egis3.lacounty.gov/lms/?p=71515,publish,34.089122,-118.603814,,2015-03-30T13:17:11.000Z,,6378849.45346706,1855362.70621772
-118.256559656121112,34.005725967109896,151877929,211,,Community Groups,Farmers Markets,,SEE LA,Central Avenue Certified Farmers' Market,4301 S Central Ave,,Los Angeles,CA,"Thursdays, year-round, 10:00pm to 4:00pm. ", (323) 463-3171,www.cafarmersmarkets.com,,,71487,This federation administers farmers markets for consumers and farmers in Los Angeles County and throughout the state of California.,90011,http://egis3.lacounty.gov/lms/?p=71487,publish,34.005726,-118.2565596,,2015-03-30T13:24:03.000Z,,6483912.18658264,1824563.3983939
-118.3286732565835,34.098066426421454,151877930,211,,Community Groups,Farmers Markets,,SEE LA,Hollywood Certified Farmers' Market,1500 N Ivar Ave,,Hollywood,CA,"Sundays, year-round, 8:00am to 1:00pm", (323) 463-3171,www.cafarmersmarkets.com,,,60976,This federation administers farmers markets for consumers and farmers in Los Angeles County and throughout the state of California.,90028,http://egis3.lacounty.gov/lms/?p=60976,publish,34.09806646,-118.3286732,,2015-04-02T09:54:37.000Z,,6462165.92823797,1858231.33663531
-118.336490355899443,34.011176466633636,151877931,211,,Community Groups,Farmers Markets,,SEE LA,Crenshaw Baldwin Hill CFM,3650 W Martin Luther King Blvd,,Los Angeles,CA,"Saturday, 10:00am to 3:00pm. ", (323) 463-3171,www.cafarmersmarkets.com,,,60942,This federation administers farmers markets for consumers and farmers in Los Angeles County and throughout the state of California.,90008,http://egis3.lacounty.gov/lms/?p=60942,publish,34.0111765,-118.3364903,,2015-04-02T10:28:22.000Z,,6459693.49125372,1826618.39854898
-118.757231855232973,34.156937166235394,151877932,,,Community Groups,Farmers Markets,,Raw Inspiration,Agoura Hills CFM,5835 Kanan Rd,,Agoura Hills,CA,"Sunday, year round, 9:00 am - 2:00 pm",818-591-8161,,,,76059,,91310,http://egis3.lacounty.gov/lms/?p=76059,publish,34.1569372,-118.7572318,,2015-04-09T10:20:05.000Z,,6332584.80649522,1880355.69592981
-118.443664256316623,34.127549466517394,151877933,,,Community Groups,Farmers Markets,,Raw Inspiration,Beverly Glen Center CFM,2936 Beverly Glen Circle,,Los Angeles,CA,"Saturday, year round, 8:00 am - 2:00 pm",818-591-8161,,,,76061,,,http://egis3.lacounty.gov/lms/?p=76061,publish,34.1275495,-118.4436642,,2015-04-09T10:50:35.000Z,,6427400.45085305,1869094.40250756
-118.179897215526168,33.826697665073105,151877934,,,Community Groups,Farmers Markets,,Lee Ostendorf,Bixby Park CFM,Bixby Street between 1st & 2nd Street,,Long Beach,CA,"Saturday, year roundm 9:00 am - 2:00 pm
Tuesday, year roundm 3:00 pm - 7:00 pm",562-449-9299,,,,76063,,,http://egis3.lacounty.gov/lms/?p=76063,publish,33.8266977,-118.17989716,,2015-04-09T10:52:49.000Z,,6507030.42545106,1759360.54421981
-118.308480956902713,34.182789106242616,151877935,211,,Community Groups,Farmers Markets,,Denise De Leo,Burbank Certified Farmers' Market,E Orange Grove Ave & N 3Rd St, ,Burbank,CA,, (818) 847-4774,www.cafarmersmarkets.com,,,60968,This federation administers farmers markets for consumers and farmers in Los Angeles County and throughout the state of California.,91502,http://egis3.lacounty.gov/lms/?p=60968,publish,34.18278914,-118.3084809,,2015-04-09T11:02:53.000Z,,6468373.66090122,1889043.95611231
-118.638773355912136,34.157234366200463,151877936,,,Community Groups,Farmers Markets,,Raw Inspiration,Calabasas CFM,23504 Calabasas Road,,Calabasas,CA,"Saturday, year round, 8:00 am - 1:00 pm",818-591-8161,,,,76068,,,http://egis3.lacounty.gov/lms/?p=76068,publish,34.1572344,-118.6387733,,2015-04-09T12:35:00.000Z,,6368422.24531889,1880214.99279915
-118.601299555420027,34.202504266093371,151877937,,,Community Groups,Farmers Markets,,Marck Rochin,Canoga Park CFM,7248 Owensmouth Ave,,Canoga Park,CA,"Saturday, year round, 9:00 am - 1:00 pm",805-643-6458,,,,76070,,,http://egis3.lacounty.gov/lms/?p=76070,publish,34.2025043,-118.6012995,,2015-04-09T12:41:48.000Z,,6379857.60499406,1896619.30382247
-118.058101056929488,33.867664967155306,151877938,,,Community Groups,Farmers Markets,,Hulie Schwarz,Cerritos CFM,Park Plaza Drive,,Cerritos,CA,"Saturda, year round, 8:00 am - 12:00 pm",562-433-1415,,,,76072,,90706,http://egis3.lacounty.gov/lms/?p=76072,publish,33.867665,-118.058101,,2015-04-09T12:47:01.000Z,,6544032.00761572,1774225.78876747
-118.290954756443767,34.097869166666101,151877939,,,Community Groups,Farmers Markets,,Helen Lee,Children Hospital CFM,4650 Sunset Blvd.,,Los Angeles,CA,"Wednesday, year round, 10:00 am - 3:00 pm",323-272-9171,,,,76074,,,http://egis3.lacounty.gov/lms/?p=76074,publish,34.0978692,-118.2909547,,2015-04-09T12:49:06.000Z,,6473584.80041331,1858124.35489389
-118.242749056163817,34.053014966900804,151877940,,,Community Groups,Farmers Markets,,Susan Hutchinson,City Hall - Little Tokyo CFM,200 N. Main Street,,Los Angeles,CA,"Thursday, year round, 10:00 am - 2:00 pm",323-710-4198,,,,76116,,90012,http://egis3.lacounty.gov/lms/?p=76116,publish,34.053015,-118.242749,,2015-04-09T12:51:05.000Z,,6488139.45798372,1841762.35973081
-117.719270057544193,34.095634887140619,151877941,211,,Community Groups,Farmers Markets,,Claremont Forum,Claremont Certified Farmers' Market,N Indian Hill Blvd & W 2Nd St,,Claremont,CA,,Oscar De Leon  (714) 345-3087,www.cafarmersmarkets.com,,,60975,This federation administers farmers markets for consumers and farmers in Los Angeles County and throughout the state of California.,91711,http://egis3.lacounty.gov/lms/?p=60975,publish,34.09563492,-117.71927,,2015-04-09T12:52:35.000Z,,6646662.64159289,1857302.46808623
-118.425469456353682,33.976617466660358,151877942,,,Community Groups,Farmers Markets,,Helen Lee,Del Ray CFM,461 Alla Road,,Los Angeles,CA,"Friday, yearround, 2:00 pm - 7:00 pm",323-272-9177,,,,76076,,,http://egis3.lacounty.gov/lms/?p=76076,publish,33.9766175,-118.4254694,,2015-04-09T12:54:57.000Z,,6432674.37173563,1814143.98255298
-118.134182856835395,33.941950176850064,151877943,211,,Community Groups,Farmers Markets,,Raw Inspiration,Downey Certified Farmers' Market,La Reina Ave & 2Nd St,,Downey,CA,"Saturdays, year-round, 9:00am to 1:00pm. ", (818) 591-8161,www.cafarmersmarkets.com,,,71520,This federation administers farmers markets for consumers and farmers in Los Angeles County and throughout the state of California.,90242,http://egis3.lacounty.gov/lms/?p=71520,publish,33.94195021,-118.1341828,,2015-04-09T12:56:22.000Z,,6520971.16167714,1801281.96989122
-118.213109356671097,34.138077466867145,151877944,,,Community Groups,Farmers Markets,,Michael Noguaira,Eagle Rock CFM,2100 Merton Ave.,,Eagle Rock,CA,"Friday, year round, 4:30 pm - 8:30 pm",323-225-5466,,,,76080,,90041,http://egis3.lacounty.gov/lms/?p=76080,publish,34.1380775,-118.2131093,,2015-04-09T13:42:02.000Z,,6497183.2059723,1872697.77719057
-118.308099755888222,34.101720567047458,151877945,,,Community Groups,Farmers Markets,,Bo Sivanunsakul,East Hollywood CFM,5448 Hollywood Blvd.,,Los Angeles,CA,"Thursday, year round, 2:00 pm - 8:00 pm",323-468-2555,,,,76082,,90027,http://egis3.lacounty.gov/lms/?p=76082,publish,34.1017206,-118.3080997,,2015-04-09T13:44:35.000Z,,6468398.52305622,1859541.41209914
-118.259540756349452,34.075376467112861,151877946,,,Community Groups,Farmers Markets,,SEE LA,Echo Park CFM,663 Logan Street,,Los Angeles,CA,"Friday, year round, 3:00 pm - 7:30 pm",323 463-3171,,,,76084,,90026,http://egis3.lacounty.gov/lms/?p=76084,publish,34.0753765,-118.2595407,,2015-04-09T13:46:32.000Z,,6483074.12264197,1849912.82112014
-118.248474856322758,34.115602967210158,151877947,,,Community Groups,Farmers Markets,,SEE LA,Glassel Park CFM,3150 N. San Fernando Road,,Los Angeles,CA,Saturday 10:00 am to 3:00 pm,James Haydu 323-463-3171,,,,76043,,,http://egis3.lacounty.gov/lms/?p=76043,publish,34.115603,-118.2484748,,2015-04-10T08:17:44.000Z,,6486461.36750789,1864543.48805298
-118.200389157031623,34.492739565927486,151877948,,,Community Groups,Farmers Markets,,Gary Lubben,Acton CFM,3801 Sierra Way,,Acton,CA,"Tuesday, May - Oct, 4:00 pm - 7:30 pm",661-269-2258,,,,76096,,93510,http://egis3.lacounty.gov/lms/?p=76096,publish,34.4927396,-118.2003891,,2015-04-10T08:34:17.000Z,,6501289.65018722,2001757.96756047
-118.255469056391433,34.149084966444988,151877949,,,Community Groups,Farmers Markets,,Raw Inspiration,Glendale Downtown CFM,227 N. Brand Ave.,,Glendale,CA,Tuesday 2:00 pm to 7:00 pm,818-691-8161,,,,76045,,91203,http://egis3.lacounty.gov/lms/?p=76045,publish,34.149085,-118.255469,,2015-04-10T08:38:15.000Z,,6484375.31787422,1876733.4712189
-118.251559456354897,34.051402066654852,151877950,,,Community Groups,Farmers Markets,,Raw Inspiration,Grand Certified Farmers' Market,350 S. Grand Ave.,,Los Angeles,CA,"Wednesday, year round, 10:00 am - 2:00 pm",818-591-8161,,,,76132,,90012,http://egis3.lacounty.gov/lms/?p=76132,publish,34.0514021,-118.2515594,,2015-04-10T08:40:02.000Z,,6485469.24449214,1841181.9576764
-118.259990056484469,34.053148066492561,151877951,,,Community Groups,Farmers Markets,,Howell Tumlin,Historic LA CFM,West 5th Street,,Los Angeles,CA,"Sunday, year round, 9:00 am - 1:00 pm",310-455-0181,,,,76090,,90013,http://egis3.lacounty.gov/lms/?p=76090,publish,34.0531481,-118.25999,,2015-04-10T08:44:44.000Z,,6482917.13936013,1841823.85698314
-117.847680217091366,34.043906024293932,151877952,,,Community Groups,Farmers Markets,,Rick Palas,Jack New's CFM,1100 Grand Ave.,,Walnut,CA,"Saturday, year round, 8:00 am - 2:00 pm",909-869-0701,,,,76094,11,91789,http://egis3.lacounty.gov/lms/?p=76094,publish,34.04390606,-117.84768016,,2015-04-10T08:57:51.000Z,,6607814.43844955,1838393.61778064
-118.294006955669389,33.788991467036929,151877953,,,Community Groups,Farmers Markets,,Cynthia Ojeda,Kaiser South Bay CFM,25825 S. Vermont Ave.,,Harbor City,CA,"Wednesday, year round, 10:00 am - 3:00 pm",310-748-6922,,,,76105,,90710,http://egis3.lacounty.gov/lms/?p=76105,publish,33.7889915,-118.2940069,,2015-04-10T12:11:07.000Z,,6472331.9800843,1745719.99833822
-118.377319037117886,34.044037923253626,151877954,,,Community Groups,Farmers Markets,,Cynthia Ojeda,La Cienga CFM,1801 La Cienga Blvd.,,Los Angeles,CA,"Thursday, year round, 3:00 pm - 7:00 pm",424-287-2280,,,,76110,,90035,http://egis3.lacounty.gov/lms/?p=76110,publish,34.04403796,-118.37731898,,2015-04-10T12:13:05.000Z,,6447364.88598973,1838621.18687931
-117.770159057786628,34.100497967355452,151877955,,,Community Groups,Farmers Markets,,Oscat De Leon,La Verne Fresh CFM,D Street & 3rd Street,,La Verne,CA,"Saturday, year round, 8:00 am - 1:00 pm",951-733-2588,,,,76140,,91750,http://egis3.lacounty.gov/lms/?p=76140,publish,34.100498,-117.770159,,2015-04-10T12:15:28.000Z,,6631251.74295281,1859033.09946747
-118.11545785686144,34.696818266130016,151877956,,,Community Groups,Farmers Markets,,Raw Inspiration,Lancaster CFM,721 Lancaster Blvd.,,Lancaster,CA,"Thursday, year round, 3:00 pm - 8:00 pm",818-591-8161,,,,76112,,93534,http://egis3.lacounty.gov/lms/?p=76112,publish,34.6968183,-118.1154578,,2015-04-10T12:17:51.000Z,,6526966.19660306,2075987.3423954
-118.353824356138276,33.898238366921348,151877957,,,Community Groups,Farmers Markets,,Dyan Davis,Lawndale CFM,147th Street and Burib Ave.,,Lawndale,CA,"Wednesday, year round, 2:00 pm - 7:00 pm",310-679-3306,,,,76114,,90260,http://egis3.lacounty.gov/lms/?p=76114,publish,33.8982384,-118.3538243,,2015-04-10T12:19:20.000Z,,6454295.59194456,1785536.06240673
-118.132867256274992,33.768460467388181,151877958,,,Community Groups,Farmers Markets,,Lee Ostendorf,Local Harvest CFM,E. Appian Way & Nito Ave.,,Long Beach,CA,"Wednesday, year round, 3:00 pm - 7:00 pm",562-449-9299,,,,76118,,90803,http://egis3.lacounty.gov/lms/?p=76118,publish,33.7684605,-118.1328672,,2015-04-10T12:20:55.000Z,,6521286.74405122,1738144.22313547
-118.113430556662976,33.781150467228315,151877959,,,Community Groups,Farmers Markets,,Nick Spano,Long Beach University CFM,1250 Bellflower Blvd.,,Long Beach,CA,"Wednesday, Apr. - Sep., 10:00 am - 2:00 pm.",310-869-8979,,,,76123,,90815,http://egis3.lacounty.gov/lms/?p=76123,publish,33.7811505,-118.1134305,,2015-04-10T12:22:56.000Z,,6527199.53340672,1742755.23589507
-118.353542656313763,34.061744867120133,151877960,,,Community Groups,Farmers Markets,,Raw Inspiration,Miracle Mile CFM,5700 Wilshire Blvd,,Los Angeles,CA,"Wednesday, year round, 11:00 am - 3:00 am",818-591-8161,,,,76144,,90036,http://egis3.lacounty.gov/lms/?p=76144,publish,34.0617449,-118.3535426,,2015-04-10T12:24:33.000Z,,6454590.36366472,1845038.86236414
-118.124654856892178,34.059119367265261,151877961,,,Community Groups,Farmers Markets,,Mark Anderson,Monterey Park CFM,318 S. Ramona Ave,,Monterey Park,CA,"Friday, year round, 4:00 pm - 9:00 pm",424-645-7211,,,,76146,,91754,http://egis3.lacounty.gov/lms/?p=76146,publish,34.0591194,-118.1246548,,2015-04-10T12:26:07.000Z,,6523913.98846863,1843918.49386998
-118.410697956296019,34.029220367126129,151877962,,,Community Groups,Farmers Markets,,Evelin,Motor Avenue CFM,10316 National @ Motor Ave.,,Los Angeles,CA,"Sunday, year round, 9:00 am - 1:00 pm",310-202-9002,,,,76154,,90034,http://egis3.lacounty.gov/lms/?p=76154,publish,34.0292204,-118.4106979,,2015-04-10T12:27:47.000Z,,6437231.05980071,1833268.46694173
-118.377379956065226,34.164917366834942,151877963,,,Community Groups,Farmers Markets,,Jose Hernandez,North Hollywood CFM,5200 Bakman,,North Hollywood,CA,"Saturday, year round, 10:00 am - 3:00 pm",818-314-1312,,,,76152,,91601,http://egis3.lacounty.gov/lms/?p=76152,publish,34.1649174,-118.3773799,,2015-04-10T12:29:31.000Z,,6447511.58549947,1882611.24227172
-118.528288856111175,34.236027266579029,151877964,,,Community Groups,Farmers Markets,,Raw Inspiration,Northridge University CFM,18111 Nordroff Street,,Northridge,CA,"Tuesday, year round, 10:00 am - 2:00 pm",818-591-8161,,,,76156,,91330,http://egis3.lacounty.gov/lms/?p=76156,publish,34.2360273,-118.5282888,,2015-04-10T12:31:12.000Z,,6401997.48164597,1908694.71930414
-118.095432456472736,33.88747246717179,151877965,,,Community Groups,Farmers Markets,,Batch Redman,Norwalk CFM,11200 Alindra Blvd.,,Norwalk,CA,"Tuesday, year round, 9:00 am - 1:00 pm",562-921-2321,,,,76158,,90650,http://egis3.lacounty.gov/lms/?p=76158,publish,33.8874725,-118.0954324,,2015-04-10T12:33:34.000Z,,6532705.7727223,1781442.86849339
-118.52573395635244,34.379720166053744,151877966,,,Community Groups,Farmers Markets,,Greta Dunlap,Old Town Newhall CFM,22421 Market Street,,Newhall,CA,"Saturday, year round, 8:00 am - 12:30 pm",661-750-3784,,,,76162,,91321,http://egis3.lacounty.gov/lms/?p=76162,publish,34.3797202,-118.5257339,,2015-04-10T12:35:11.000Z,,6403043.18329471,1960982.48546331
-118.144285556373077,34.148386766471845,151877967,,,Community Groups,Farmers Markets,,Gretchen Sterling,Pasadena City Hall CFM,100 N. Garfield Ave,,Pasadena,CA,"Wednesday, May - Oct, 4:00 pm - 8:00 pm",626-449-0179,,,,76166,,91101,http://egis3.lacounty.gov/lms/?p=76166,publish,34.1483868,-118.1442855,,2015-04-10T12:36:57.000Z,,6518014.7351753,1876412.49285823
-118.421888055509967,33.972011967029204,151877968,,,Community Groups,Farmers Markets,,Mark Anderson,Playa Vista CFM,6400 Seabluff Drive,,Los Angeles,CA,"Saturday, year round, 9:00 am - 2:00 pm",310-600-8252,,,,76169,,90094,http://egis3.lacounty.gov/lms/?p=76169,publish,33.972012,-118.421888,,2015-04-10T12:38:38.000Z,,6433753.15796389,1812463.38191156
-118.388355355717763,33.819251167527177,151877969,,,Community Groups,Farmers Markets,,Lee Ostendorf,Rivera Village CFM,Avenue I and South Catalina,,Redondo Beach,CA,"Thursday, year round, 3:00 pm - 9:00 pm",562-449-9299,,,,76173,,90277,http://egis3.lacounty.gov/lms/?p=76173,publish,33.8192512,-118.3883553,,2015-04-10T12:40:39.000Z,,6443705.49206181,1756829.55289073
-118.104637156356091,34.084761266678569,151877970,,,Community Groups,Farmers Markets,,Gretchen Sterling,San Gabriel CFM,300 W. Wells Street,,San Gabriel,CA,"Thursday, April - Dec, 4:00 pm - 8:00 pm",626-308-2875,,,,76175,,91770,http://egis3.lacounty.gov/lms/?p=76175,publish,34.0847613,-118.1046371,,2015-04-10T12:42:44.000Z,,6529986.80440697,1853243.15140173
-118.304913555548509,33.738195967710872,151877971,,,Community Groups,Farmers Markets,,Helen Lee,San Pedro Providence CFM,1300 W. 7th Street,,San Pedro,CA,"Thursday, Year Round, 9:00 am - 2:00 pm",323-272-9171,,,,76171,,90731,http://egis3.lacounty.gov/lms/?p=76171,publish,33.738196,-118.3049135,,2015-04-10T12:51:48.000Z,,6468961.78275648,1727243.9965764
-118.568262755739795,34.404195765725817,151877972,,,Community Groups,Farmers Markets,,Karen Wetzel-Schott,Santa Clarita CFM,26455 Rockwell Road,,Valencia,CA,"Sunday, yearround, 8:30 am - 12:00 pm",805-529-6266,,,,76179,,91355,http://egis3.lacounty.gov/lms/?p=76179,publish,34.4041958,-118.5682627,,2015-04-10T12:53:33.000Z,,6390261.66161372,1969959.32971431
-118.082726257046545,33.94563916749923,151877973,,,Community Groups,Farmers Markets,,Rick Palas,Santa Fe Springs CFM,11740 Telegraph Road,,Santa Fe Springs,CA,"Thursday, yearround, 12:00 pm - 5:00 pm",714-329-6755,,,,76177,,90670,http://egis3.lacounty.gov/lms/?p=76177,publish,33.9456392,-118.0827262,,2015-04-10T12:57:03.000Z,,6536579.63374098,1802607.63521889
-118.439086055502571,34.074591167157237,151877974,,,Community Groups,Farmers Markets,,Patricia Zimmerman,UCLA CFM,350 Charles E. Young @ the Camp,,Los Angeles,CA,"Wednesday, year round, 11:00 am - 3:00 pm",310-206-0703,,,,76181,,90045,http://egis3.lacounty.gov/lms/?p=76181,publish,34.0745912,-118.439086,,2015-04-10T13:00:03.000Z,,6428701.79536322,1849815.98502773
-118.280722356724326,34.020920766736225,151877975,,,Community Groups,Farmers Markets,,Raw Inspiration,USC Hospitality CFM,3445 S. Figueroa Street,,Los Angeles,CA,"Wednesday, year round, 11:00 am - 3:00 pm",818-591-8161,,,,76183,,90007,http://egis3.lacounty.gov/lms/?p=76183,publish,34.0209208,-118.2807223,,2015-04-10T13:01:28.000Z,,6476604.41084389,1830112.64320089
-118.565244155951291,34.42052576641634,151877976,,,Community Groups,Farmers Markets,,Peggy Bull,Valencia CFM,26251 Town Center Dr.,,Valencia,CA,"Thursday, year round, 4:00 pm - 8:00 pm",805-643-6458,,,,76185,,91355,http://egis3.lacounty.gov/lms/?p=76185,publish,34.4205258,-118.5652441,,2015-04-10T13:03:05.000Z,,6391205.58951588,1975896.92085747
-117.921276828530978,34.07059385507123,151877977,,,Community Groups,Farmers Markets,,Roger Evans,West Covina CFM,195 S. Glendora Ave.,,West Covina,CA,"Saturday, year round, 8:00 am - 1:00 pm",626-488-0054,,,,76189,,91790,http://egis3.lacounty.gov/lms/?p=76189,publish,34.07059389,-117.92127677,,2015-04-10T13:09:31.000Z,,6585511.31770155,1848080.20831557
-118.446269856005017,34.061556366439596,151877978,,,Community Groups,Farmers Markets,,"Steve Whipp;e",Westwood Village CFM,1050 Broxton Ave,,Los Angeles,CA,"Thursday, year round, 12:00 pm - 6:00 pm",310-430-2919,,,,76191,,90024,http://egis3.lacounty.gov/lms/?p=76191,publish,34.0615564,-118.4462698,,2015-04-10T13:11:42.000Z,,6426505.27711847,1845081.99843273
-118.128791356572762,34.093705666845679,151877979,211,,Community Groups,Farmers Markets,,City of Alhambra,Alhambra Certified Farmers' Market,11 S. 2nd Street,,Alhambra,CA,Closed Easter Sunday. ,Harry C. Wong Service/Intake (626) 586-1899,www.cafarmersmarkets.com,,,60939,This federation administers farmers markets for consumers and farmers in Los Angeles County and throughout the state of California.,91801,http://egis3.lacounty.gov/lms/?p=60939,publish,34.0937057,-118.1287913,,2015-04-10T13:23:19.000Z,,6522677.22289756,1856506.6766988
-118.292590356211804,34.032562197255814,151877980,211,,Community Groups,Farmers Markets,,Ida Edwards,Adams - Vermont Certified Farmers' Market,1432 W Adams Blvd,St. Agnes Catholic Church,Los Angeles,CA,"Wednesday, 2:00pm to 6:00pm. ", (323) 777-1755,www.cafarmersmarkets.com,,,71472,This federation administers farmers markets for consumers and farmers in Los Angeles County and throughout the state of California.,90007,http://egis3.lacounty.gov/lms/?p=71472,publish,34.03256223,-118.2925903,,2015-04-14T08:18:14.000Z,,6473020.45016405,1834359.42965481
-118.158130156974025,34.200378766892968,151877981,211,,Community Groups,Farmers Markets,,Elizabeth Bowman,Altadena Certified Farmers' Market,600 W. Palm Ave,,Altadena,CA,"Wednesday, 4:00 pm to 8:00pm. ",310-595-0272,www.cafarmersmarkets.com,,,71516,This federation administers farmers markets for consumers and farmers in Los Angeles County and throughout the state of California.,91001,http://egis3.lacounty.gov/lms/?p=71516,publish,34.2003788,-118.1581301,,2015-04-14T08:23:59.000Z,,6513855.62603948,1895339.60296981
-118.243172156114341,34.054045806831652,151877982,211,,Community Groups,Farmers Markets,,Susan Hutchinson,Arts District Little Tokyo Certified Farmers' Market,200 N Spring St,"L.A. City Hall, South Lawn",Los Angeles,CA,"Thursday, 10:00am to 2:00pm. ",Susan Hutchinson Service/Intake (323) 660-8660,www.cafarmersmarkets.com,,,71485,This federation administers farmers markets for consumers and farmers in Los Angeles County and throughout the state of California.,90012,http://egis3.lacounty.gov/lms/?p=71485,publish,34.05404584,-118.2431721,,2015-04-14T08:27:08.000Z,,6488012.20495738,1842137.81107965
-118.396198555711436,34.076263296368559,151877983,211,,Community Groups,Farmers Markets,,City of Beverly Hills,Beverly Hills Certified Farmers' Market,9300 Civic Center Dr,,Beverly Hills,CA,,Greta Dunlap Serv (310) 285-6830,www.cafarmersmarkets.com,,,60978,This federation administers farmers markets for consumers and farmers in Los Angeles County and throughout the state of California.,90210,http://egis3.lacounty.gov/lms/?p=60978,publish,34.07626333,-118.3961985,,2015-04-15T07:04:11.000Z,,6441691.75625989,1850370.53772439
-118.475149955513118,34.050606876717829,151877984,211,,Community Groups,Farmers Markets,,Raw Inspiration,Brentwood Village Certified Farmers' Market,741 Gretna Green Way,,Los Angeles,CA,Sundays year-round 9:00am to 2:00pm. ,Melissa Farwell (818) 591-8161,www.cafarmersmarkets.com,,,71461,This federation administers farmers markets for consumers and farmers in Los Angeles County and throughout the state of California.,90049,http://egis3.lacounty.gov/lms/?p=71461,publish,34.05060691,-118.4751499,,2015-04-15T07:06:19.000Z,,6417739.37404664,1841137.40264739
-118.262561356112855,33.844990966939278,151877985,211,,Community Groups,Farmers Markets,,Nick Spano,South Bay Pavilion CFM,20700 Avalon Blvd,,Carson,CA,"Thursdays, year-round, 10:00am to 3:00pm",(310) 869-8979,www.cafarmersmarkets.com,,,60987,This federation administers farmers markets for consumers and farmers in Los Angeles County and throughout the state of California.,90746,http://egis3.lacounty.gov/lms/?p=60987,publish,33.844991,-118.2625613,,2015-04-15T07:12:51.000Z,,6481940.40148422,1766073.18433781
-118.417855256314851,34.060954967139445,151877986,211,,Community Groups,Farmers Markets,,Raw Inspiration,Century City Certified Farmers' Market,1800 Ave of the Stars, ,Century City,CA,"Thursdays, year-round, 11:00am - 2:00pm",818-591-8161,www.cafarmersmarkets.com,,,60984,This federation administers farmers markets for consumers and farmers in Los Angeles County and throughout the state of California.,90067,http://egis3.lacounty.gov/lms/?p=60984,publish,34.060955,-118.4178552,,2015-04-15T07:16:51.000Z,,6435110.45708655,1844826.14723839
-118.39416635643552,34.024744546766264,151877987,211,,Community Groups,Farmers Markets,,Stephen Whipple,Culver City Certified Farmers' Market,3800 Main Street, between Culver Blvd and Venice Blvd,Culver City,CA,"Tuesdays, year-round 2:00pm to 7:00pm", (310) 430-2919,www.cafarmersmarkets.com,,,60992,This federation administers farmers markets for consumers and farmers in Los Angeles County and throughout the state of California.,90232,http://egis3.lacounty.gov/lms/?p=60992,publish,34.02474458,-118.3941663,,2015-04-15T07:20:01.000Z,,6442233.6328008,1831619.58539698
-118.259879256542987,34.049390547210336,151877989,211,,Community Groups,Farmers Markets,,Raw Inspiration,Downtown Los Angeles (B O. A) CFM,S Figueroa St & W 7Th St,,Los Angeles,CA,"Friday, 10:00am to 3:00pm. ",Melissa Farwell  (818) 591-8161,www.cafarmersmarkets.com,,,71031,This federation administers farmers markets for consumers and farmers in Los Angeles County and throughout the state of California.,90017,http://egis3.lacounty.gov/lms/?p=71031,publish,34.04939058,-118.2598792,,2015-04-15T07:23:15.000Z,,6482947.16620298,1840456.34036122
-118.160665056109906,34.03356496694839,151877990,211,,Community Groups,Farmers Markets,,Grace Gonzalez,East Los Angeles Certified Farmers' Market,4801 E. 3rd. St.,,Los Angeles,CA,"Saturday, 9:00 am - 2:00 pm", (323) 263-4462,www.cafarmersmarkets.com,,,60971,This federation administers farmers markets for consumers and farmers in Los Angeles County and throughout the state of California.,90022,http://egis3.lacounty.gov/lms/?p=60971,publish,34.033565,-118.160665,,2015-04-15T07:25:51.000Z,,6512992.10512872,1834634.23914456
-118.415764436674138,33.921479427304639,151877991,211,,Community Groups,Farmers Markets,,Raw Inspiration,El Segundo Plaza Certified Farmers' Market,Main Street. Between Holly & Oina Ave, ,El Segundo,CA,"Thursday, year-round 10:00 am to 2:00 pm",(818) 591-8161,www.cafarmersmarkets.com,,,60985,This federation administers farmers markets for consumers and farmers in Los Angeles County and throughout the state of California.,90245,http://egis3.lacounty.gov/lms/?p=60985,publish,33.92147946,-118.41576438,,2015-04-15T07:38:46.000Z,,6435533.77480946,1794065.90427089
-118.514066056191453,34.186203966583257,151877992,211,,Community Groups,Farmers Markets,,One Generation,Encino Certified Farmers' Market,17400 Victory Blvd in Van Nuys,Between Louise and Wight Oak Blvd,Van Nuys,CA,"Sundays, year-round, 8:00am to 1:00pm", (818) 708-6611,www.cafarmersmarkets.com,,,60973,This federation administers farmers markets for consumers and farmers in Los Angeles County and throughout the state of California.,91406,http://egis3.lacounty.gov/lms/?p=60973,publish,34.186204,-118.514066,,2015-04-15T07:41:09.000Z,,6406203.49127856,1890541.06827556
-118.37662015594357,33.909422016642239,151877993,211,,Community Groups,Farmers Markets,,,Hawthorne - Del Aire Certified Farmers' Market,13500 Aviation Boulevard,,Hawthorne,CA,"Saturdays, year-round, 9:00am to 1:00pm. ",Susan Hillyer (310) 367-5755,www.cafarmersmarkets.com,,,71521,This federation administers farmers markets for consumers and farmers in Los Angeles County and throughout the state of California.,90250,http://egis3.lacounty.gov/lms/?p=71521,publish,33.90942205,-118.3766201,,2015-04-15T07:43:56.000Z,,6447393.05194388,1789631.1592034
-118.394257156092053,33.860151846835919,151877994,211,,Community Groups,Farmers Markets,,City of Hermosa Beach,Hermosa Beach Certified Farmers' Market,Valley Drive at 8Th St,between 8th & 10th Sts.,Hermosa Beach,CA,"Fridays, year-round, 12:00pm to 4:00pm. ",Barbara Clark (310) 781-7520,www.cafarmersmarkets.com,,,60946,This federation administers farmers markets for consumers and farmers in Los Angeles County and throughout the state of California.,90254,http://egis3.lacounty.gov/lms/?p=60946,publish,33.86015188,-118.3942571,,2015-04-15T07:46:35.000Z,,6441971.18188214,1771721.22389473
-118.20520045630326,33.972129497087792,151877995,211,,Community Groups,Farmers Markets,,Julie Schwarz,Huntington Park Certified Farmers' Market,E Florence Ave & Bissell St,Salt Lake Park,Huntington Park,CA,"Wednesday, year round, 9:30am to 1:30pm. ",Julie Schwarz (562) 983-1665,www.cafarmersmarkets.com,,,61002,This federation administers farmers markets for consumers and farmers in Los Angeles County and throughout the state of California.,90255,http://egis3.lacounty.gov/lms/?p=61002,publish,33.97212953,-118.2052004,,2015-04-15T07:50:11.000Z,,6499453.16140613,1812301.21720964
-118.375937056009647,34.03806490667651,151877996,211,,Community Groups,Farmers Markets,,Cynthia Ojeda,Kaiser -La Cienga Certified Farmers' Market,6041 Cadillac Ave,,Los Angeles,CA,"Wednesday, 9:30am to 1:30pm. ",Cynthia Ojeda  (562) 495-1764,www.cafarmersmarkets.com,,,71484,This federation administers farmers markets for consumers and farmers in Los Angeles County and throughout the state of California.,90034,http://egis3.lacounty.gov/lms/?p=71484,publish,34.03806494,-118.375937,,2015-04-15T07:52:44.000Z,,6447775.41338389,1836445.93532431
-117.985883956840041,34.065376546800763,151877997,211,,Community Groups,Farmers Markets,,Deborah Brister,Kaiser Baldwin Park Certified Farmers' Market,1011 Baldwin Park Blvd,,Baldwin Park,CA,"Fridays, year-round, 7:30am to 12:30pm. ",(310) 455-0181,www.cafarmersmarkets.com,,,71498,This federation administers farmers markets for consumers and farmers in Los Angeles County and throughout the state of California.,91706,http://egis3.lacounty.gov/lms/?p=71498,publish,34.06537658,-117.9858839,,2015-04-15T07:55:35.000Z,,6565945.59535013,1846172.4929709
-118.429916056099088,34.219808696825304,151877998,211,,Community Groups,Farmers Markets,,Howell Tumlin,Kaiser Panorama City Certified Farmers' Market,13652 Cantara St,,Panorama City,CA,"Wednesdays, year-round, 9:00am to 1:30pm. ", (310) 455-0801,www.cafarmersmarkets.com,,,71475,This federation administers farmers markets for consumers and farmers in Los Angeles County and throughout the state of California.,91402,http://egis3.lacounty.gov/lms/?p=71475,publish,34.21980873,-118.429916,,2015-04-15T07:57:38.000Z,,6431704.75917356,1902650.82620823
-118.207700556986737,34.207496646999758,151877999,211,,Community Groups,Farmers Markets,,Raw Inspiration,La Canada Certified Farmers' Market,1346 Foothill Blvd,,La Canada Flintridge,CA,"Saturdays, year-round, 9:00am - 1:00pm",(818) 591-8161,www.cafarmersmarkets.com,,,60970,This federation administers farmers markets for consumers and farmers in Los Angeles County and throughout the state of California.,91011,http://egis3.lacounty.gov/lms/?p=60970,publish,34.20749668,-118.2077005,,2015-04-15T07:59:01.000Z,,6498872.11269946,1897957.19780023
-118.588612455234326,34.171261966556536,151878000,211,,Community Groups,Farmers Markets,,Howell Tumlin,Kaiser Woodland Hills Certified Farmers' Market,5601 De  Soto Ave,,Woodland Hills,CA,"Thursdays, year-round, 10:00am to 2:30pm. ", (310) 455-0181,www.cafarmersmarkets.com,,,71490,This federation administers farmers markets for consumers and farmers in Los Angeles County and throughout the state of California.,91367,http://egis3.lacounty.gov/lms/?p=71490,publish,34.171262,-118.5886124,,2015-04-15T08:00:29.000Z,,6383627.13452847,1885227.15469082
-117.77100805745485,34.10195396690893,151878002,211,,Community Groups,Farmers Markets,,David Gayman,La Verne Certified Farmers' Market,"3660 ""D"" Street between Bonita and 3rd Street",,La Verne,CA,"Thursdays, April through September, 5:00pm to 9:00pm. ",866-440-3374,www.cafarmersmarkets.com,,,60955,This federation administers farmers markets for consumers and farmers in Los Angeles County and throughout the state of California.,91750,http://egis3.lacounty.gov/lms/?p=60955,publish,34.101954,-117.771008,,2015-04-15T10:42:46.000Z,,6630993.51249814,1859562.37695223
-118.323835256659436,34.07488201716172,151878003,211,,Community Groups,Farmers Markets,,Raw Inspiration,Larchmont Village Certified Farmers' Market,209 N Larchmont Blvd,,Los Angeles,CA,"Sunday, 10:00am to 2:00pm. ",(818) 591-8161,www.cafarmersmarkets.com,,,71018,This federation administers farmers markets for consumers and farmers in Los Angeles County and throughout the state of California.,90004,http://egis3.lacounty.gov/lms/?p=71018,publish,34.07488205,-118.3238352,,2015-04-15T10:44:18.000Z,,6463603.42503488,1849789.3814064
-118.192378056089808,33.772944967360296,151878004,211,,Community Groups,Farmers Markets,,Julie Schwarz,Long Beach Downtown Farmers' Market,212 W. Third Street at Pacific Avenue,,Long Beach,CA,"Fridays, year-round, 10:00am to 4:00pm. ",(562) 595-0268,www.cafarmersmarkets.com,,,60943,This federation administers farmers markets for consumers and farmers in Los Angeles County and throughout the state of California.,90802,http://egis3.lacounty.gov/lms/?p=60943,publish,33.772945,-118.192378,,2015-04-15T10:46:07.000Z,,6503202.20344871,1739805.52099398
-118.113098056147081,33.757623967403248,151878005,211,,Community Groups,Farmers Markets,,Julie Schwarz,Long Beach Southeast Certified Farmers' Market,2nd St. and N. Marina Dr., Alamitos Bay Marina,Long Beach,CA,"Sundays, year-round, 9:00am to 2:00pm", (562) 983-1665,www.cafarmersmarkets.com,,,60977,This federation administers farmers markets for consumers and farmers in Los Angeles County and throughout the state of California.,90803,http://egis3.lacounty.gov/lms/?p=60977,publish,33.757624,-118.113098,,2015-04-15T10:48:49.000Z,,6527290.9449693,1734193.15656257
-118.184940956541581,33.842649146992805,151878007,211,,Community Groups,Farmers Markets,,Julie Schwarz,Long Beach Uptown Certified Farmers' Market,E 46Th St & Atlantic Ave,Bixby Knolls area,Long Beach,CA,"Thursday, 3:00pm to 6:30pm ", (562) 983-1665,www.cafarmersmarkets.com,,,71029,This federation administers farmers markets for consumers and farmers in Los Angeles County and throughout the state of California.,90807,http://egis3.lacounty.gov/lms/?p=71029,publish,33.84264918,-118.1849409,,2015-04-15T10:50:15.000Z,,6505509.17947781,1765168.47125223
-118.292009656504092,34.104211426782214,151878008,211,,Community Groups,Farmers Markets,,Helen Lee,Los Feliz Village Certified Farmers' Market,1825 N Vermont Ave,,Los Angeles,CA,"Sundays, year-round, 9:00am to 2:00pm. ",(323) 272-9171,www.cafarmersmarkets.com,,,71462,This federation administers farmers markets for consumers and farmers in Los Angeles County and throughout the state of California.,90027,http://egis3.lacounty.gov/lms/?p=71462,publish,34.10421146,-118.2920096,,2015-04-15T10:54:11.000Z,,6473272.13896513,1860433.3384649
-118.691163955265111,34.034739246290236,151878009,211,,Community Groups,Farmers Markets,,Debra Blanco,Malibu Certified Farmers' Market,23525 Civic Center Way, between Webb Way & Pacific Coast Hwy,Malibu,CA,"Sundays, year-round, 10:00am to 3:00pm. ",(310) 457-4537,www.cafarmersmarkets.com,,,60951,This federation administers farmers markets for consumers and farmers in Los Angeles County and throughout the state of California.,90265,http://egis3.lacounty.gov/lms/?p=60951,publish,34.03473928,-118.6911639,,2015-04-15T10:57:25.000Z,,6352266.2379328,1835742.61553673
-118.409414555675411,33.886736956970317,151878010,211,,Community Groups,Farmers Markets,,Mark Anderson,Manhattan Beach Certified Farmers' Market,13Th St & Morningside Dr,,Manhattan Beach,CA,"Tuesday, 11:00am to 4:00pm; 11:00am to 5:00pm, June through August ",(310)379-9901,www.cafarmersmarkets.com,,,71470,This federation administers farmers markets for consumers and farmers in Los Angeles County and throughout the state of California.,90266,http://egis3.lacounty.gov/lms/?p=71470,publish,33.88673699,-118.4094145,,2015-04-15T10:59:37.000Z,,6437408.7231593,1781414.50897007
-118.160243656211222,33.902632766844924,151878108,,,Community Groups,Farmers Markets,,Tipping The Scale,Paramount CFM,14409 Paramount Blvd.,,Paramount,CA,"9:00 am - 1: 00 pm, June - Dec.",(323) 378 - 6818 NickSpano,,,,76459,,90723,http://egis3.lacounty.gov/lms/?p=76459,publish,33.9026328,-118.1602436,,2015-05-11T12:32:50.000Z,,6513043.82123263,1786985.0680389
-118.215635756146682,34.073651267231504,151878112,,,Community Groups,Farmers Markets,,North Figueroa Association,Lincoln Heights CFM,North Broadway & Daly Street,,Los Angeles,CA,"3:00 pm - 7:00 pm, June - Dec.",(323) 494-4100  Misty Iwatsu,,,,76462,,90031,http://egis3.lacounty.gov/lms/?p=76462,publish,34.0736513,-118.2156357,,2015-05-13T08:51:25.000Z,,6496368.41921605,1849253.56358039
-118.35680555550833,33.838732067190158,151878113,,,Community Groups,Farmers Markets,,Helen Lee Foundation,Torrance Providence CFM,4101 Torranc Blvd. @ Hawthorne Blvd,,Torrance,CA,"Friday, Year Round, 10:00 am - 3:00 pm",323-272-9171,,,,76466,,90503,http://egis3.lacounty.gov/lms/?p=76466,publish,33.8387321,-118.3568055,,2015-05-28T08:20:49.000Z,,6453314.02336964,1763883.5942288
-118.128811456551659,33.919241566857806,151878114,,,Community Groups,Farmers Markets,,Southland Farmers' Market Association,Kaised Downey,9333 E. Imperial Hwy in Kaiser Medical Center,,Downey,CA,"Thursday, Year Round, 9:00 am - 2:00 pm",310-455-0181 Howell Tumlin,,,,76471,,90242,http://egis3.lacounty.gov/lms/?p=76471,publish,33.9192416,-118.1288114,,2015-06-10T13:44:34.000Z,,6522589.77753438,1793015.67375982
-118.529305056237149,34.381470366234751,151878115,211,,Community Groups,Farmers Markets,,The City of Newhall,Newhall Certified Farmers' Market,22520 Lynos Ave,,Newhall,CA,"Saturday, 8:00am to 12:00pm. ",Greta Dunlap,www.cafarmersmarkets.com,,,71492,This federation administers farmers markets for consumers and farmers in Los Angeles County and throughout the state of California.,91321,http://egis3.lacounty.gov/lms/?p=71492,publish,34.3814704,-118.529305,,2015-06-17T06:38:20.000Z,,6401969.05650596,1961625.06357448
-118.028376957438184,34.141168766500869,151878116,,,Community Groups,Farmers Markets,,David Gayman,Arcadia Street Fair CFM,Wheeler Ave. @ 1st Street,,Arcadia,CA,"Friday, July - Dec., 5:00 pm - 9:00 pm",866-440-3374,,,,76475,,91016,http://egis3.lacounty.gov/lms/?p=76475,publish,34.1411688,-118.0283769,,2015-06-17T06:43:05.000Z,,6553083.75526021,1873755.61201714
-117.751298757820322,34.057815967650406,151878117,,,Community Groups,Farmers Markets,,Downtown Pomona Owner Association,Pomona Thomas Plaza CFM,201 W. 2nd Street,,Pomona,CA,"2nd Saturday of the month, year round, 5:00 pm - 9:00 pm",909-469-1121,,,,76479,,91766,http://egis3.lacounty.gov/lms/?p=76479,publish,34.057816,-117.7512987,,2015-06-22T07:04:13.000Z,,6636999.87811005,1843513.9471069
-118.356100255588629,34.021192166793355,151878118,,,Community Groups,Farmers Markets,,Enriched Farms,Baldwin La Brea CFM,3601 S. La Brea Ave.,,Los Angeles,CA,"Saturday, 9:00 am - 2:00 pm.",310-779-1152,,,,76484,,90016,http://egis3.lacounty.gov/lms/?p=76484,publish,34.0211922,-118.3561002,,2015-07-01T13:04:06.000Z,,6453763.44668339,1830283.7649059
-118.076330856458057,34.080304666821355,151878120,,,Community Groups,Farmers Markets,,City of Rosemead,Rosemead CFM,8838 Valley Blvd.,,Rosemead,CA,"Aug - Dec, Friday, 4:00 pm - 8:00 pm","626-569-2100
626-343-8690",,,,76510,,91770,http://egis3.lacounty.gov/lms/?p=76510,publish,34.0803047,-118.0763308,,2015-07-27T13:10:53.000Z,,6538556.55892096,1851613.59560573
-117.952348471477904,34.020062815306211,151878121,,,Community Groups,Farmers Markets,,Ceder Broadcasting,La Puente Live CFM,Main Street & First Street,,La Puente,Ca,"July - Dec., Friday, 6:00 pm - 10:00 pm",909-375-0888,,,,76508,,91744,http://egis3.lacounty.gov/lms/?p=76508,publish,34.02006285,-117.95234841,,2015-07-27T13:17:17.000Z,,6576110.12456173,1829685.05973847
-118.352011256473673,33.961779867247031,151878122,,,Community Groups,Farmers Markets,,Myca Tran,Inglewood CFM,Manchester Blvd. & Market Street,,Inglewood,CA,"Thursday, year round, 3:00 pm - 7:00 pm",323-952-3466,,,,76092,,90301,http://egis3.lacounty.gov/lms/?p=76092,publish,33.9617799,-118.3520112,,2015-07-29T07:09:15.000Z,,6454926.78917298,1808658.16576873
-118.22147837776312,33.877468601396089,151878123,,,Community Groups,Farmers Markets,,,Compton CFM,Gateway Towne Center,,Compton,CA,"9:00 am - 2:00 pm Aug - Dec, Saturday",310-761-1474 Jack Hagopian,,,,76517,,90220,http://egis3.lacounty.gov/lms/?p=76517,publish,33.87746863,-118.22147832,,2015-08-13T12:06:19.000Z,,6494441.76755755,1777862.53543098
-118.605815756251374,34.184069766335533,151878124,,,Community Groups,Farmers Markets,,Raw Inspiration,The Village CFM,6250 Topanga Blvd.,,,Los Angeles,"Sunday, Year Round, 2:00 pm - 4:00 pm",818-591-8161,,,,76525,,91367,http://egis3.lacounty.gov/lms/?p=76525,publish,34.1840698,-118.6058157,,2015-09-02T06:42:25.000Z,,6378451.64192672,1889918.97732815
-118.401357556328819,33.861989866684283,151878125,,,Community Groups,Farmers Markets,,Sprouts of Promise,Hermosa Beach Wednesday CFM,1 Piar Ave,,Hermosa Beach,CA,"Wednesday, Year Round, 11:00 am - 4:00 pm",424-645-7211,,,,76527,,90254,http://egis3.lacounty.gov/lms/?p=76527,publish,33.8619899,-118.4013575,,2015-09-02T06:48:05.000Z,,6439818.13402289,1772398.65101756
-118.386663855682613,33.976007067329846,151881406,,,Community Groups,Farmers Markets,,,Howard Hughes CFM,6080 Center Drive,,Los Angeles,CA,"Thursday, Year Round, 10:00 am - 2:00 pm",818-591-8161,,,,76513,,90230,http://egis3.lacounty.gov/lms/?p=76513,publish,33.9760071,-118.3866638,,2015-12-10T16:59:47.000Z,,6444438.73403364,1813874.31839414
